{
  "build_time_sec": 0.309637,
  "build_peak_mem_mib": 1455.0,
  "throughput_qps": 21301.0,
  "latency_min_ms": 0.0284424,
  "latency_mean_ms": 0.0405175,
  "latency_median_ms": 0.0396729,
  "latency_p90_ms": 0.0439453,
  "latency_p99_ms": 0.0531158,
  "gpu_compute_mean_ms": 0.0285729,
  "enqueue_mean_ms": 0.0167319,
  "name": "medium_room_256",
  "total_wall_sec": 6.250213623046875,
  "engine_size_mb": 0.2704734802246094
}