{
  "build_time_sec": 0.335763,
  "build_peak_mem_mib": 1455.0,
  "throughput_qps": 20935.4,
  "latency_min_ms": 0.0306396,
  "latency_mean_ms": 0.0403104,
  "latency_median_ms": 0.0388184,
  "latency_p90_ms": 0.0469666,
  "latency_p99_ms": 0.0512848,
  "gpu_compute_mean_ms": 0.0280947,
  "enqueue_mean_ms": 0.0170611,
  "name": "tiny_room_64",
  "total_wall_sec": 6.554953098297119,
  "engine_size_mb": 0.034740447998046875
}